<?xml version="1.0" encoding="utf-8" ?>
<Abnormalities>
    <Songs>
        <Abnormality Id="0"
                     Name="ABNORMALITY_SELF_IMPROVEMENT"
                     Icon="ICON_SELFIMPROVEMENT_MHRS"/>
        <Abnormality Id="1"
                     Name="ABNORMALITY_ATTACK_UP"
                     Icon="ICON_ATTACKUP_MHRS"/>
        <Abnormality Id="2"
                     Name="ABNORMALITY_DEFENSE_UP"
                     Icon="ICON_DEFUP_MHRS"/>
        <Abnormality Id="3"
                     Name="ABNORMALITY_AFFINITY_UP"
                     Icon="ICON_AFFINITY_MHRS"/>
        <Abnormality Id="4"
                     Name="ABNORMALITY_ELEMENTAL_ATTACK_UP"
                     Icon="ICON_ELEATTACKUP_MHRS"/>
        <Abnormality Id="5"
                     Name="ABNORMALITY_ATTACK_DEF_UP"
                     Icon="ICON_ATKDEFUP_MHRS"/>
        <Abnormality Id="6"
                     Name="ABNORMALITY_ATTACK_AFFINITY_UP"
                     Icon="ICON_ATKAFFUP_MHRS"/>
        <Abnormality Id="7"
                     Name="ABNORMALITY_KNOCKBACK_NEG"
                     Icon="ICON_KNOCKBACKNEG_MHRS"/>
        <Abnormality Id="8"
                     Name="ABNORMALITY_EARPLUG"
                     Icon="ICON_EARPLUGS_MHRS"/>
        <Abnormality Id="9"
                     Name="ABNORMALITY_EARPLUG_PLUS"
                     Icon="ICON_EARPLUGS+_MHRS"/>
        <Abnormality Id="10"
                     Name="ABNORMALITY_TREMORS_NEG"
                     Icon="ICON_TREMORNEG_MHRS"/>
        <Abnormality Id="11"
                     Name="ABNORMALITY_WIND_PRESSURE"
                     Icon="ICON_WINDRES+_MHRS"/>
        <Abnormality Id="12"
                     Name="ABNORMALITY_STUN_NEG"
                     Icon="ICON_STUNNEG_MHRS"/>
        <Abnormality Id="13"
                     Name="ABNORMALITY_BLIGHT_NEG"
                     Icon="ICON_BLIGHTSNEG_MHRS"/>
        <Abnormality Id="14"
                     Name="ABNORMALITY_DIVINE_PROTECTION"
                     Icon="ICON_DIVINEPROTECTION_MHRS"/>
        <Abnormality Id="15"/>
        <Abnormality Id="16"/>
        <Abnormality Id="17"/>
        <Abnormality Id="18"
                     Name="ABNORMALITY_HEALTH_REGEN"
                     Icon="ICON_EXT_HEALTHRECOVERY_MHRS"/>
        <Abnormality Id="19"
                     Name="ABNORMALITY_STAMINA_USE_RED"
                     Icon="ICON_STAMINAUP_MHRS"/>
        <Abnormality Id="20"
                     Name="ABNORMALITY_STAMINA_REC_UP"
                     Icon="ICON_MAXSTAMRECOVERY_MHRS"/>
        <Abnormality Id="21"
                     Name="ABNORMALITY_SHARPNESS_RED"
                     Icon="ICON_SHARPNESSUSERED"/>
        <Abnormality Id="22"
                     Name="ABNORMALITY_ENV_NEG"
                     Icon="ICON_ENVNEG_MHRS"/>
        <Abnormality Id="23"/>
        <Abnormality Id="24"
                     Name="ABNORMALITY_SONIC_BARRIER"
                     Icon="ICON_SONICBARRIER"/>
        <Abnormality Id="25"
                     Name="ABNORMALITY_INFERNAL_MELODY"
                     Icon="ICON_INFERNALMELODY_MHRS"/>
        <Abnormality Id="26"
                     Name="ABNORMALITY_SHARPNESS_REGEN"
                     Icon="ICON_SHARPNESSREGEN"/>
        <Abnormality Id="27"
                     Name="ABNORMALITY_SHARPNESS_EXTENSION"
                     Icon="ICON_SHARPNESSEXTENSION"/>
    </Songs>
    <Consumables>
        <Abnormality Id="ABN_DEMONDRUG"
                     DependsOn="7C"
                     WithValue="5"
                     Name="ABNORMALITY_DEMONDRUG"
                     Icon="ITEM_DEMONDRUG_MHRS"
                     IsInfinite="True"/>
        <Abnormality Id="ABN_MEGA_DEMONDRUG"
                     DependsOn="7C"
                     WithValue="7"
                     Name="ABNORMALITY_MEGA_DEMONDRUG"
                     Icon="ITEM_DEMONDRUG++_MHRS"
                     IsInfinite="True"/>
        <Abnormality Id="ABN_ARMORSKIN"
                     DependsOn="80"
                     WithValue="15"
                     Name="ABNORMALITY_ARMORSKIN"
                     Icon="ITEM_ARMORSKIN_MHRS"
                     IsInfinite="True"/>
        <Abnormality Id="ABN_MEGA_ARMORSKIN"
                     DependsOn="80"
                     WithValue="25"
                     Name="ABNORMALITY_MEGA_ARMORSKIN"
                     Icon="ITEM_ARMORSKIN++_MHRS"
                     IsInfinite="True"/>
        <Abnormality Id="ABN_MIGHT_SEED"
                     Offset="90"
                     DependsOn="84"
                     WithValue="10"
                     Name="ABNORMALITY_MIGHT_SEED"
                     Icon="ITEM_MIGHT"/>
        <Abnormality Id="ABN_BUTTERFLAME"
                     Offset="90"
                     DependsOn="84"
                     WithValue="25"
                     Name="ABNORMALITY_BUTTERFLAME"
                     Icon="ICON_BUTTERFLAME"/>
        <Abnormality Id="ABN_ADAMANT_SEED"
                     Offset="94"
                     Name="ABNORMALITY_ADAMANT_SEED"
                     Icon="ITEM_ADAMANT"/>
        <Abnormality Id="ABN_CLOTHFLY"
                     Offset="98"
                     Name="ABNORMALITY_CLOTHFLY"
                     Icon="ICON_CLOTHFLY"/>
        <Abnormality Id="ABN_DASH_JUICE"
                     Offset="9C"
                     Name="ABNORMALITY_DASH_JUICE"
                     Icon="ITEM_DASH"/>
        <Abnormality Id="ABN_DEMON_POWDER"
                     Offset="A8"
                     Name="ABNORMALITY_DEMON_POWDER"
                     Icon="ITEM_ATKPOWDER"/>
        <Abnormality Id="ABN_HARDSHELL_POWDER"
                     Offset="AC"
                     Name="ABNORMALITY_HARDSHELL_POWDER"
                     Icon="ITEM_DEFPOWDER"/>
        <Abnormality Id="ABN_ARC_SHOT_BRACE"
                     Offset="B0"
                     Name="ABNORMALITY_ARC_SHOT_BRACE"
                     Icon="ICON_KNOCKBACKNEG_MHRS"/>
        <Abnormality Id="ABN_REDLAMPSQUID"
                     Offset="B4"
                     Name="ABNORMALITY_REDLAMPSQUID"
                     Icon="ICON_REDSQUID"/>
        <Abnormality Id="ABN_YELLOWLAMPSQUID"
                     Offset="BC"
                     Name="ABNORMALITY_YELLOWLAMPSQUID"
                     Icon="ICON_YELLOWSQUID"/>
        <Abnormality Id="BC"
                     Offset="C4"
                     Name="ABNORMALITY_CUTTERFLY"
                     Icon="ICON_CUTTERFLY"/>
        <Abnormality Id="ABN_ARC_SHOT_AFFINITY"
                     Offset="C8"
                     Name="ABNORMALITY_ARC_SHOT_AFFINITY"
                     Icon="ICON_AFFINITY_MHRS"/>
        <Abnormality Id="ABN_STINKMINK"
                     Name="ABNORMALITY_STINKMINK"
                     Offset="D4"
                     Icon="ICON_STINKMINK"/>
        <Abnormality Id="ABN_IMMUNITY"
                     Offset="DC"
                     Name="ABNORMALITY_IMMUNITY"
                     Icon="ICON_IMMUNITY"/>
        <Abnormality Id="ABN_GOURMET_FISH"
                     Offset="E4"
                     Name="ABNORMALITY_GOURMET_FISH"
                     Icon="ICON_GOURMETFISH"/>
        <Abnormality Id="ABN_NATURAL_HEALING"
                     Offset="E8"
                     Name="ABNORMALITY_NATURAL_HEALING"
                     Icon="ICON_NATURALHEALING_MHRS"/>
        <Abnormality Id="ABN_GO_FIGHT_WIN"
                     Offset="EC"
                     Name="ABNORMALITY_GO_FIGHT_WIN"
                     Icon="ICON_PALICO_YELLOW"/>
        <Abnormality Id="ABN_DEMON_AMMO"
                     Offset="F0"
                     Name="ABNORMALITY_DEMON_AMMO"
                     Icon="ICON_DEMONAMMO"/>
        <Abnormality Id="ABN_ARMOR_AMMO"
                     Offset="F4"
                     Name="ABNORMALITY_ARMOR_AMMO"
                     Icon="ICON_ARMORAMMO"/>
        <Abnormality Id="F4"
                     Offset="FC"/>
        <Abnormality Id="ABN_POWER_DRUM"
                     Offset="100"
                     Name="ABNORMALITY_POWER_DRUM"
                     Icon="ICON_POWERDRUM"/>
        <Abnormality Id="ABN_ROUSING_ROAR"
                     Offset="104"
                     Name="ABNORMALITY_ROUSING_ROAR"
                     Icon="ICON_PALICO_BLUE"/>
        <Abnormality Id="ABN_BLEED_HEALING"
                     Offset="180"
                     Name="ABNORMALITY_BLEED_HEALING"
                     Icon="ICON_NATURALHEALING_MHRS"/>
        <Abnormality Id="ABN_FRENZY_IMMUNITY"
                     Offset="194"
                     Name="ABNORMALITY_FRENZY_IMMUNITY"
                     Icon="ICON_FRENZY_IMMUNITY"/>
        <Abnormality Id="ABN_RUBY_WIREBUG"
                     Offset="1A0"
                     Name="ABNORMALITY_RUBY_WIREBUG"
                     Icon="ICON_RUBY_WIREBUG"
                     FlagType="RiseCommon"
                     Flag="RubyWirebug"/>
        <Abnormality Id="ABN_GOLD_WIREBUG"
                     Offset="1A0"
                     Name="ABNORMALITY_GOLD_WIREBUG"
                     Icon="ICON_GOLD_WIREBUG"
                     FlagType="RiseCommon"
                     Flag="GoldWirebug"/>
        <Abnormality Id="ABN_HEALTH_REGEN"
                     Name="ABNORMALITY_HEALTH_REGEN"
                     Icon="ICON_EXT_HEALTHRECOVERY_MHRS"
                     FlagType="RiseCommon"
                     Flag="HealthRegen"
                     IsInfinite="True"/>
    </Consumables>
    <Debuffs>
        <Abnormality Id="ABN_BLOOD"
                     Offset="7EC"
                     Name="ABNORMALITY_BLOOD"
                     Icon="ICON_BLOODBLIGHT"/>
        <Abnormality Id="ABN_PRE_SLEEP"
                     Offset="820"
                     Name="ABNORMALITY_PRE_SLEEP"
                     Icon="ICON_SLEEP"/>
        <Abnormality Id="ABN_POISON"
                     Offset="8A4"
                     Name="ABNORMALITY_POISON"
                     FlagType="RiseDebuff"
                     Flag="Poison"
                     Icon="ICON_POISON"/>
        <Abnormality Id="ABN_VENOM"
                     Offset="8A4"
                     Name="ABNORMALITY_VENOM"
                     FlagType="RiseDebuff"
                     Flag="NoxiousPoison"
                     Icon="ICON_VENOM"/>
        <Abnormality Id="ABN_STUN"
                     Offset="8A8"
                     Name="ABNORMALITY_STUN"
                     Icon="ICON_STUN"/>
        <Abnormality Id="ABN_SLEEP"
                     Offset="8AC"
                     DependsOn="810"
                     WithValue="0"
                     Name="ABNORMALITY_SLEEP"
                     Icon="ICON_SLEEP"/>
        <Abnormality Id="ABN_PARALYSIS"
                     Offset="8B0"
                     Name="ABNORMALITY_PARALYSIS"
                     Icon="ICON_PARALYSIS"/>
        <Abnormality Id="ABN_DEF_DOWN"
                     Offset="8BC"
                     Name="ABNORMALITY_DEF_DOWN"
                     Icon="ICON_DEFDOWN_MHRS"/>
        <Abnormality Id="ABN_RES_DOWN"
                     Offset="8C0"
                     Name="ABNORMALITY_RES_DOWN"
                     Icon="ICON_ALLRESDOWN_MHRS"/>
        <Abnormality Id="ABN_STENCH"
                     Offset="8C4"
                     Name="ABNORMALITY_STENCH"
                     Icon="ICON_STENCH"/>
        <Abnormality Id="ABN_HELLFIRE"
                     Offset="8C8"
                     Name="ABNORMALITY_HELLFIRE"
                     Icon="ICON_HELLFIRE"/>
        <Abnormality Id="ABN_BLAST"
                     Offset="8CC"
                     Name="ABNORMALITY_BLAST"
                     Icon="ICON_BLAST"/>
        <Abnormality Id="ABN_WEBBED"
                     Offset="8D0"
                     Name="ABNORMALITY_WEBBED"
                     Icon="ICON_WEBBED"/>
        <Abnormality Id="ABN_FIRE"
                     Offset="8D4"
                     Name="ABNORMALITY_FIRE"
                     Icon="ELEMENT_FIRE"/>
        <Abnormality Id="ABN_WATER"
                     Offset="8D8"
                     Name="ABNORMALITY_WATER"
                     Icon="ELEMENT_WATER"/>
        <Abnormality Id="ABN_ICE"
                     Offset="8DC"
                     Name="ABNORMALITY_ICE"
                     Icon="ELEMENT_ICE"/>
        <Abnormality Id="ABN_THUNDER"
                     Offset="8E0"
                     Name="ABNORMALITY_THUNDER"
                     Icon="ELEMENT_THUNDER"/>
        <Abnormality Id="ABN_DRAGON"
                     Offset="8E4"
                     Name="ABNORMALITY_DRAGON"
                     Icon="ELEMENT_DRAGON"/>
        <Abnormality Id="ABN_BUBBLES"
                     Offset="8F0"
                     Name="ABNORMALITY_BUBBLES"
                     Icon="ICON_BUBBLE"
                     FlagType="RiseDebuff"
                     Flag="BubbleBlightS"/>
        <Abnormality Id="ABN_BUBBLES_PLUS"
                     Offset="8F0"
                     Name="ABNORMALITY_BUBBLES_PLUS"
                     Icon="ICON_BUBBLE+"
                     FlagType="RiseDebuff"
                     Flag="BubbleBlightL"/>
        <Abnormality Id="ABN_BLEED"
                     Offset="914"
                     Name="ABNORMALITY_BLEED"
                     Icon="ICON_BLEED"/>
        <Abnormality Id="ABN_FRENZY_BUILDUP"
                     Offset="91C"
                     Name="ABNORMALITY_FRENZY_BUILDUP"
                     Icon="ICON_FRENZY_BUILDUP"
                     IsBuildup="True"
                     MaxBuildup="120"/>
        <Abnormality Id="ABN_FRENZY"
                     Offset="92C"
                     Name="ABNORMALITY_FRENZY"
                     Icon="ICON_FRENZY"/>
        <Abnormality Id="ABN_LEECHED"
                     Name="ABNORMALITY_LEECHED"
                     Icon="ICON_LEECHED"
                     FlagType="RiseDebuff"
                     Flag="Leeched"
                     IsInfinite="True"/>
    </Debuffs>
    <Skills>
        <Abnormality Id="ABN_OFFENSIVE_GUARD"
                     Offset="F8"
                     Name="ABNORMALITY_OFFENSIVE_GUARD"
                     Icon="ICON_ARMORSKILL_PURPLE"
                     Category="Consumables"/>
        <Abnormality Id="ABN_AFFINITY_SLIDING"
                     Offset="114"
                     Name="ABNORMALITY_AFFINITY_SLIDING"
                     Icon="ICON_ARMORSKILL_SALMON"
                     Category="Consumables"/>
        <Abnormality Id="ABN_WALLRUNNER_ATKUP"
                     Offset="11C"
                     Name="ABNORMALITY_WALL_RUNNER"
                     Icon="ICON_ARMORSKILL_GREEN"
                     Category="Consumables"/>
        <Abnormality Id="ABN_COUNTERSTRIKE"
                     Offset="120"
                     Name="ABNORMALITY_COUNTERSTRIKE"
                     Icon="ICON_ARMORSKILL_RED"
                     Category="Consumables"/>
        <Abnormality Id="ABN_KUSHALA_DAORA_SOUL"
                     Offset="12C"
                     Name="ABNORMALITY_KUSHALA_DAORA_SOUL"
                     Icon="ICON_AFFINITY_MHRS"
                     Category="Consumables"/>
        <Abnormality Id="ABN_CHAMELEOS_SOUL"
                     Offset="134"
                     Name="ABNORMALITY_CHAMELEOS_SOUL"
                     Icon="ICON_ARMORSKILL_PURPLE"
                     Category="Consumables"/>
        <Abnormality Id="ABN_COALESCENCE"
                     Offset="168"
                     Name="ABNORMALITY_COALESCENCE"
                     Icon="ICON_ARMORSKILL_PURPLE"
                     Category="Consumables"/>
        <Abnormality Id="ABN_CHAIN_CRIT"
                     Offset="16C"
                     Name="ABNORMALITY_CHAIN_CRIT"
                     Icon="ICON_ARMORSKILL_RED"
                     Category="Consumables"/>
        <Abnormality Id="ABN_ADRENALINE_RUSH"
                     Offset="174"
                     Name="ABNORMALITY_ADRENALINE_RUSH"
                     Icon="ICON_ARMORSKILL_RED"
                     Category="Consumables"/>
        <Abnormality Id="ABN_SPIRIBIRDS_CALL"
                     Offset="17C"
                     Name="ABNORMALITY_SPIRIBIRDS_CALL"
                     Icon="ICON_ARMORSKILL_WHITE"
                     MaxTimer="60"
                     Category="Consumables"/>
        <Abnormality Id="ABN_DERELICTION_S"
                     Offset="184"
                     Name="ABNORMALITY_DERELICTION_S"
                     Icon="ICON_ARMORSKILL_RED"
                     IsBuildup="True"
                     MaxBuildup="50"
                     IsInteger="True"
                     FlagType="RiseCommon"
                     Flag="DerelictionS"
                     Category="Consumables"/>
        <Abnormality Id="ABN_DERELICTION_M"
                     Offset="184"
                     Name="ABNORMALITY_DERELICTION_M"
                     Icon="ICON_ARMORSKILL_RED"
                     IsBuildup="True"
                     MaxBuildup="100"
                     IsInteger="True"
                     FlagType="RiseCommon"
                     Flag="DerelictionM"
                     Category="Consumables"/>
        <Abnormality Id="ABN_DERELICTION_L"
                     Name="ABNORMALITY_DERELICTION_L"
                     Icon="ICON_ARMORSKILL_RED"
                     FlagType="RiseCommon"
                     Flag="DerelictionL"
                     IsInfinite="True"
                     Category="Consumables"/>
        <Abnormality Id="ABN_FURIOUS_BUILDUP"
                     Offset="188"
                     Name="ABNORMALITY_FURIOUS_BUILDUP"
                     Icon="ICON_ARMORSKILL_YELLOW"
                     IsBuildup="True"
                     MaxBuildup="100"
                     IsInteger="True"
                     Category="Consumables"/>
        <Abnormality Id="ABN_FURIOUS_STAMINA_BUFF"
                     Offset="18C"
                     Name="ABNORMALITY_FURIOUS_STAMINA_BUFF"
                     Icon="ICON_INFINITE_STAMINA_MHRS"
                     Category="Consumables"/>
        <Abnormality Id="ABN_GRINDER_S"
                     Offset="190"
                     Name="ABNORMALITY_GRINDER_S"
                     Icon="ICON_GRINDER_S"
                     Category="Consumables"/>
        <Abnormality Id="ABN_STATUS_TRIGGER"
                     Offset="1AC"
                     Name="ABNORMALITY_STATUS_TRIGGER"
                     Icon="ICON_STATUS_TRIGGER"
                     Category="Consumables"/>
        <Abnormality Id="ABN_INTERPID_HEART"
                     Offset="1B0"
                     Name="ABNORMALITY_INTERPID_HEART"
                     Icon="ICON_ARMORSKILL_WHITE"
                     IsBuildup="True"
                     MaxBuildup="400"
                     Category="Consumables"/>
        <Abnormality Id="ABN_POWDERMANTLE_RED"
                     Offset="1BC"
                     Name="ABNORMALITY_POWDERMANTLE_RED"
                     Icon="ICON_ARMORSKILL_RED"
                     FlagType="RiseCommon"
                     Flag="PowderMantleRed"
                     Category="Consumables"/>
        <Abnormality Id="ABN_POWDERMANTLE_BLUE"
                     Offset="1BC"
                     Name="ABNORMALITY_POWDERMANTLE_BLUE"
                     Icon="ICON_ARMORSKILL_RED"
                     FlagType="RiseCommon"
                     Flag="PowderMantleBlue"
                     Category="Consumables"/>
        <Abnormality Id="ABN_PROTECTIVE_POLISH"
                     Offset="1D8"
                     Name="ABNORMALITY_PROTECTIVE_POLISH"
                     Icon="ICON_ARMORSKILL_YELLOW"
                     Category="Debuffs"/>
        <Abnormality Id="ABN_LATENTPOWER"
                     Offset="1DC"
                     Name="ABNORMALITY_LATENTPOWER"
                     Icon="ICON_ARMORSKILL_SALMON"
                     Category="Debuffs"/>
        <Abnormality Id="ABN_WINDMANTLE"
                     Offset="79C"
                     Name="ABNORMALITY_WINDMANTLE"
                     Icon="ICON_ARMORSKILL_GREEN"
                     FlagType="RiseCommon"
                     Flag="WindMantle"
                     MaxTimer="15"
                     Category="Debuffs"/>
        <Abnormality Id="ABN_FROSTCRAFT"
                     Offset="7C8"
                     Name="ABNORMALITY_FROSTCRAFT_RISE"
                     Icon="ICON_ARMORSKILL_WHITE"
                     IsBuildup="True"
                     MaxBuildup="100"
                     Category="Debuffs"/>
        <Abnormality Id="ABN_AGITATOR"
                     Name="ABNORMALITY_AGITATOR"
                     Icon="ICON_ARMORSKILL_RED"
                     FlagType="RiseCommon"
                     Flag="Agitator"
                     IsInfinite="True"
                     Category="Consumables"/>
        <Abnormality Id="ABN_DEFIANCE"
                     Name="ABNORMALITY_DEFIANCE"
                     Icon="ICON_ARMORSKILL_ORANGE"
                     FlagType="RiseCommon"
                     Flag="Defiance"
                     IsInfinite="True"
                     Category="Consumables"/>
        <Abnormality Id="ABN_HEROICS"
                     Name="ABNORMALITY_HEROICS"
                     Icon="ICON_ARMORSKILL_RED"
                     FlagType="RiseCommon"
                     Flag="Heroics"
                     IsInfinite="True"
                     Category="Consumables"/>
        <Abnormality Id="ABN_PEAK_PERFORMANCE"
                     Name="ABNORMALITY_PEAK_PERFORMANCE"
                     Icon="ICON_ARMORSKILL_RED"
                     FlagType="RiseCommon"
                     Flag="PeakPerformance"
                     IsInfinite="True"
                     Category="Consumables"/>
        <Abnormality Id="ABN_DRAGONHEART"
                     Name="ABNORMALITY_DRAGONHEART"
                     Icon="ICON_ARMORSKILL_ORANGE"
                     FlagType="RiseCommon"
                     Flag="Dragonheart"
                     IsInfinite="True"
                     Category="Consumables"/>
        <Abnormality Id="ABN_EMBOLDEN"
                     Name="ABNORMALITY_EMBOLDEN"
                     Icon="ICON_ARMORSKILL_ORANGE"
                     FlagType="RiseCommon"
                     Flag="Embolden"
                     IsInfinite="True"
                     Category="Consumables"/>
        <Abnormality Id="ABN_STRIFE_S"
                     Name="ABNORMALITY_STRIFE_S"
                     Icon="ICON_ARMORSKILL_RED"
                     FlagType="RiseCommon"
                     Flag="StrifeS"
                     IsInfinite="True"
                     Category="Consumables"/>
        <Abnormality Id="ABN_STRIFE_L"
                     Name="ABNORMALITY_STRIFE_L"
                     Icon="ICON_ARMORSKILL_RED"
                     FlagType="RiseCommon"
                     Flag="StrifeL"
                     IsInfinite="True"
                     Category="Consumables"/>
        <Abnormality Id="ABN_BERSERK"
                     Name="ABNORMALITY_BERSERK"
                     Icon="ICON_ARMORSKILL_ORANGE"
                     FlagType="RiseCommon"
                     Flag="Berserk"
                     IsInfinite="True"
                     Category="Consumables"/>
        <Abnormality Id="ABN_DRAGON_CONVERSION"
                     Name="ABNORMALITY_DRAGON_CONVERSION"
                     Icon="ICON_ALLRESUP_MHRS"
                     FlagType="RiseCommon"
                     Flag="ResistUp"
                     IsInfinite="True"
                     Category="Consumables"/>
        <Abnormality Id="ABN_HEAVEN_SENT"
                     Name="ABNORMALITY_HEAVEN_SENT"
                     Icon="ICON_ARMORSKILL_WHITE"
                     FlagType="RiseCommon"
                     Flag="HeavenSentInvocation"
                     IsInfinite="True"
                     Category="Consumables"/>
        <Abnormality Id="ABN_MAXIMUM_MIGHT"
                     Name="ABNORMALITY_MAXIMUM_MIGHT"
                     Icon="ICON_ARMORSKILL_SALMON"
                     FlagType="RiseAction"
                     Flag="MaximumMight"
                     IsInfinite="True"
                     Category="Consumables"/>
    </Skills>
    <Foods>
        <Abnormality Id="ABN_DANGO_BULKER"
                     Offset="90"
                     DependsOn="84"
                     WithValue="15"
                     Name="ABNORMALITY_DANGO_BULKER"
                     Icon="ICON_DANGOBULKER"
                     Category="Consumables"/>
        <Abnormality Id="ABN_DANGO_BOOSTER"
                     Offset="138"
                     Name="ABNORMALITY_DANGO_BOOSTER"
                     Icon="ICON_DANGOBOOSTER"
                     Category="Consumables"/>
        <Abnormality Id="ABN_DANGO_GLUTTON"
                     Offset="144"
                     Name="ABNORMALITY_DANGO_GLUTTON"
                     Icon="ICON_DANGOGLUTTON"
                     Category="Consumables"/>
        <Abnormality Id="ABN_DANGO_DEFENDER"
                     Name="ABNORMALITY_DANGO_DEFENDER"
                     Icon="ICON_DANGODEFENDER"
                     FlagType="RiseCommon"
                     Flag="DangoDefender"
                     IsInfinite="True"
                     Category="Consumables"/>
        <Abnormality Id="ABN_DANGO_HUNTER"
                     Offset="158"
                     Name="ABNORMALITY_DANGO_HUNTER"
                     Icon="ICON_ATTACKUP_MHRS"
                     Category="Consumables"/>
        <Abnormality Id="ABN_DANGO_CONNECTOR"
                     Offset="160"
                     Name="ABNORMALITY_DANGO_CONNECTOR"
                     Icon="ICON_DEFUP_MHRS"
                     Category="Consumables"/>
    </Foods>
</Abnormalities>
